number of clusters,kmeans++ (scikit-learn) inertia,kmeans++ (our implementation) inertia
5.0,57.096454766857384,57.302792493848216
10.0,32.929845052888986,32.93489472987519
25.0,17.941355048689374,18.50259622163847
50.0,11.362562342560503,11.7818373139353
